<?xml version="1.0" encoding="UTF-8"?>
<build-type xmlns:xsi="http://www.w3.org/2001/XMLSchema-instance" uuid="cfad02be-4353-4537-8296-bbf3dc1a5317" xsi:noNamespaceSchemaLocation="http://www.jetbrains.com/teamcity/schemas/2018.1/project-config.xsd">
  <name>Build</name>
  <description />
  <settings>
    <options>
      <option name="artifactRules" value="ElasticErrorRates.UI =&gt; ElasticErrorRates.UI.zip&#xA;ElasticErrorRates.UI/package.json =&gt; ElasticErrorRates.UI/package.json" />
      <option name="cleanBuild" value="true" />
    </options>
    <disabled-settings>
      <setting-ref ref="RUNNER_6" />
    </disabled-settings>
    <parameters />
    <build-runners>
      <runner id="RUNNER_5" name="Install Dependencies" type="DockerCommand">
        <parameters>
          <param name="docker.command.type" value="build" />
          <param name="docker.push.remove.image" value="true" />
          <param name="dockerfile.path" value="ElasticErrorRates.UI/Dockerfile" />
          <param name="dockerfile.source" value="PATH" />
          <param name="teamcity.step.mode" value="default" />
        </parameters>
      </runner>
      <runner id="RUNNER_6" name="Build" type="simpleRunner">
        <parameters>
          <param name="plugin.docker.imageId" value="node:latest" />
          <param name="script.content" value="npm run build --prod" />
          <param name="teamcity.step.mode" value="default" />
          <param name="use.custom.script" value="true" />
        </parameters>
      </runner>
    </build-runners>
    <vcs-settings>
      <vcs-entry-ref root-id="ElasticErrorRatesSummary_SummaryVCSRoot" />
    </vcs-settings>
    <requirements />
    <build-triggers />
    <build-extensions>
      <extension id="swabra" type="swabra">
        <parameters>
          <param name="swabra.enabled" value="swabra.before.build" />
        </parameters>
      </extension>
      <extension id="jetbrains.agent.free.space" type="jetbrains.agent.free.space">
        <parameters>
          <param name="free-space-work" value="500mb" />
        </parameters>
      </extension>
      <extension id="perfmon" type="perfmon">
        <parameters />
      </extension>
    </build-extensions>
    <cleanup />
  </settings>
</build-type>

