<?xml version="1.0" encoding="UTF-8"?>
<build-type xmlns:xsi="http://www.w3.org/2001/XMLSchema-instance" uuid="4eecf5d1-f6a2-49b0-8f73-b7e26c19232b" xsi:noNamespaceSchemaLocation="http://www.jetbrains.com/teamcity/schemas/2018.1/project-config.xsd">
  <name>Chain Builds - Summary</name>
  <description />
  <settings>
    <options>
      <option name="buildConfigurationType" value="COMPOSITE" />
      <option name="showDependenciesChanges" value="true" />
    </options>
    <parameters />
    <build-runners />
    <vcs-settings>
      <vcs-entry-ref root-id="ElasticErrorRatesSummary_SummaryVCSRoot" />
    </vcs-settings>
    <requirements />
    <build-triggers>
      <build-trigger id="vcsTrigger" type="vcsTrigger">
        <parameters>
          <param name="groupCheckinsByCommitter" value="true" />
          <param name="perCheckinTriggering" value="true" />
          <param name="quietPeriodMode" value="DO_NOT_USE" />
          <param name="watchChangesInDependencies" value="true" />
        </parameters>
      </build-trigger>
    </build-triggers>
    <dependencies>
      <depend-on sourceBuildTypeId="ElasticErrorrates_ElasticErrorrates_2_Backend">
        <options>
          <option name="run-build-if-dependency-failed" value="RUN_ADD_PROBLEM" />
        </options>
      </depend-on>
      <depend-on sourceBuildTypeId="ElasticErrorrates_ElasticErrorrates_Build">
        <options>
          <option name="run-build-if-dependency-failed" value="RUN_ADD_PROBLEM" />
        </options>
      </depend-on>
    </dependencies>
    <cleanup />
  </settings>
</build-type>

