<?xml version="1.0" encoding="UTF-8"?>
<build-type xmlns:xsi="http://www.w3.org/2001/XMLSchema-instance" uuid="806e9b53-d217-4a95-a65c-17e765fdec6a" xsi:noNamespaceSchemaLocation="http://www.jetbrains.com/teamcity/schemas/2018.1/project-config.xsd">
  <name>Elastic Error Rates - Deploy</name>
  <description />
  <settings>
    <options>
      <option name="allowPersonalBuildTriggering" value="false" />
      <option name="buildConfigurationType" value="DEPLOYMENT" />
      <option name="maximumNumberOfBuilds" value="1" />
    </options>
    <parameters />
    <build-runners>
      <runner id="RUNNER_13" name="Docker Compose Down" type="simpleRunner">
        <parameters>
          <param name="script.content" value="docker-compose down -v" />
          <param name="teamcity.step.mode" value="default" />
          <param name="use.custom.script" value="true" />
        </parameters>
      </runner>
      <runner id="RUNNER_14" name="Docker rm" type="simpleRunner">
        <parameters>
          <param name="script.content"><![CDATA[if (  $(docker ps -a -q --filter ancestor="elastic-api") != '' ) 
then
    docker rm -f $(docker stop $(docker ps -a -q --filter ancestor="elastic-api"))
fi

if (  $(docker ps -a -q --filter ancestor="elastic-ui") != '' ) 
then
    docker rm -f $(docker stop $(docker ps -a -q --filter ancestor="elastic-ui"))
fi]]></param>
          <param name="teamcity.step.mode" value="default" />
          <param name="use.custom.script" value="true" />
        </parameters>
      </runner>
      <runner id="RUNNER_15" name="Docker Prune" type="simpleRunner">
        <parameters>
          <param name="script.content" value="docker system prune -f --volumes" />
          <param name="teamcity.step.mode" value="default" />
          <param name="use.custom.script" value="true" />
        </parameters>
      </runner>
      <runner id="RUNNER_16" name="Docker Compose Up" type="simpleRunner">
        <parameters>
          <param name="script.content" value="docker-compose up -d --build --force-recreate" />
          <param name="teamcity.step.mode" value="default" />
          <param name="use.custom.script" value="true" />
        </parameters>
      </runner>
    </build-runners>
    <vcs-settings>
      <vcs-entry-ref root-id="ElasticErrorRatesSummary_SummaryVCSRoot" />
    </vcs-settings>
    <requirements />
    <build-triggers>
      <build-trigger id="TRIGGER_2" type="buildDependencyTrigger">
        <parameters>
          <param name="afterSuccessfulBuildOnly" value="true" />
          <param name="branchFilter"><![CDATA[+:refs/heads/develop
+:refs/heads/feature/*
+:refs/heads/hotfix/*
+:refs/heads/master
+:refs/heads/release
+:refs/heads/support/*]]></param>
          <param name="dependsOn" value="ElasticErrorRatesSummary_ChainBuildsSummary" />
        </parameters>
      </build-trigger>
    </build-triggers>
    <cleanup />
  </settings>
</build-type>

