<?xml version="1.0" encoding="UTF-8"?>
<vcs-root xmlns:xsi="http://www.w3.org/2001/XMLSchema-instance" uuid="6e430100-9987-483f-90f5-73184a8c89c8" type="jetbrains.git" xsi:noNamespaceSchemaLocation="http://www.jetbrains.com/teamcity/schemas/2018.1/project-config.xsd">
  <name>SummaryVCSRoot</name>
  <param name="agentCleanFilesPolicy" value="ALL_UNTRACKED" />
  <param name="agentCleanPolicy" value="ON_BRANCH_CHANGE" />
  <param name="authMethod" value="PASSWORD" />
  <param name="branch" value="refs/heads/master" />
  <param name="ignoreKnownHosts" value="true" />
  <param name="reportTagRevisions" value="true" />
  <param name="submoduleCheckout" value="CHECKOUT" />
  <param name="teamcity:branchSpec"><![CDATA[+:refs/heads/develop
+:refs/heads/feature/*
+:refs/heads/hotfix/*
+:refs/heads/master
+:refs/heads/release
+:refs/heads/support/*]]></param>
  <param name="url" value="https://github.com/thiagosandrade/elastic-errorrates" />
  <param name="useAlternates" value="true" />
  <param name="username" value="thiagosandrade" />
  <param name="usernameStyle" value="NAME" />
</vcs-root>

