<?xml version="1.0" encoding="UTF-8"?>
<build-type xmlns:xsi="http://www.w3.org/2001/XMLSchema-instance" uuid="4432fe0a-a342-47b7-bcd7-7ffdce2beb7b" xsi:noNamespaceSchemaLocation="http://www.jetbrains.com/teamcity/schemas/2018.1/project-config.xsd">
  <name>Build</name>
  <description />
  <settings>
    <parameters />
    <build-runners>
      <runner id="RUNNER_7" name="Restore" type="dotnet.cli">
        <parameters>
          <param name="command" value="restore" />
          <param name="dotNetCoverage.dotCover.home.path" value="%teamcity.tool.JetBrains.dotCover.CommandLineTools.DEFAULT%" />
          <param name="paths" value="ElasticErrorRates.sln" />
          <param name="teamcity.step.mode" value="default" />
        </parameters>
      </runner>
      <runner id="RUNNER_8" name="Build" type="dotnet.cli">
        <parameters>
          <param name="command" value="build" />
          <param name="dotNetCoverage.dotCover.home.path" value="%teamcity.tool.JetBrains.dotCover.CommandLineTools.DEFAULT%" />
          <param name="paths" value="ElasticErrorRates.sln" />
          <param name="teamcity.step.mode" value="default" />
        </parameters>
      </runner>
    </build-runners>
    <vcs-settings>
      <vcs-entry-ref root-id="ElasticErrorRatesSummary_SummaryVCSRoot" />
    </vcs-settings>
    <requirements />
    <build-triggers />
    <build-extensions>
      <extension id="swabra" type="swabra">
        <parameters />
      </extension>
      <extension id="jetbrains.agent.free.space" type="jetbrains.agent.free.space">
        <parameters>
          <param name="free-space-work" value="500mb" />
        </parameters>
      </extension>
      <extension id="perfmon" type="perfmon">
        <parameters />
      </extension>
    </build-extensions>
    <cleanup />
  </settings>
</build-type>

