<?xml version="1.0" encoding="UTF-8"?>
<project xmlns:xsi="http://www.w3.org/2001/XMLSchema-instance" parent-id="ElasticErrorrates" uuid="7f24898d-9476-4fd6-a527-9be168ff903f" xsi:noNamespaceSchemaLocation="http://www.jetbrains.com/teamcity/schemas/2018.1/project-config.xsd">
  <name>Frontend</name>
  <parameters />
  <project-extensions>
    <extension id="PROJECT_EXT_2" type="OAuthProvider">
      <parameters>
        <param name="clientId" value="4813fcdf6e9cf8cf7df9" />
        <param name="defaultTokenScope" value="public_repo,repo,repo:status,write:repo_hook" />
        <param name="displayName" value="GitHub.com" />
        <param name="gitHubUrl" value="https://github.com/" />
        <param name="providerType" value="GitHub" />
        <param name="secure:clientSecret" value="zxx8ae62f6424291fd5b56317b7678a807e5db8012111eff124d197185cdc2c9ae9e5971e3fe30d2190775d03cbe80d301b" />
      </parameters>
    </extension>
  </project-extensions>
  <cleanup />
</project>

