<?xml version="1.0" encoding="UTF-8"?>
<server rootURL="http://localhost:8111" uuid="e1b04211-e827-4166-8ee0-7804032ffea3">
  <version number="875" />
  <connected-servers />
  <comment-transformation>
    <transformation-pattern search="((https?://|ftp://|file://|mailto:)[\w`~@#$%^&amp;*\-=|/{}()\[\];:'?\.\+!,\\]+(?&lt;=[^\.,;&quot;'`\)\]}]))" replace="&lt;a target=&quot;_blank&quot; title=&quot;Click to open this link in a new window&quot; href=&quot;$1&quot;&gt;$1&lt;/a&gt;" description="Links transformation" />
    <transformation-pattern search="(&#xD;?&#xA;|&#xD;)" replace="&lt;br/&gt;" description="Line feed transformation" />
  </comment-transformation>
  <artifacts maxArtifactSize="314572800" artifact-paths="system/artifacts" />
  <build-settings executionTimeout="0" />
  <db-compact enabled="true">
    <scheduler hour="3" minute="0" />
  </db-compact>
  <vcs-settings modification-check-interval="60" quiet-period="60" />
</server>

